{"name":"NewQuestion","identifier":"0WVXJHFWOU","description":null,"parentIntentSignature":null,"sampleUtterances":[{"utterance":"I have an unanswered Question"},{"utterance":"I have a new Question"}],"intentConfirmationSetting":null,"intentClosingSetting":null,"inputContexts":null,"outputContexts":null,"kendraConfiguration":null,"dialogCodeHook":null,"fulfillmentCodeHook":{"fulfillmentUpdatesSpecification":null,"postFulfillmentStatusSpecification":null,"enabled":true},"slotPriorities":[{"priority":2,"slotName":"Question"},{"priority":1,"slotName":"CourseID"}]}