{"name":"Assignment_Upcoming","identifier":"MXGVRG2YPT","description":"Checks for upcoming assignments within the near future","parentIntentSignature":null,"sampleUtterances":[{"utterance":"do I have any assignments due soon"},{"utterance":"upcoming assignments"},{"utterance":"whats due soon"},{"utterance":"is there anything due soon"},{"utterance":"assignments due"}],"intentConfirmationSetting":null,"intentClosingSetting":null,"inputContexts":null,"outputContexts":null,"kendraConfiguration":null,"dialogCodeHook":null,"fulfillmentCodeHook":{"fulfillmentUpdatesSpecification":null,"postFulfillmentStatusSpecification":null,"enabled":true},"slotPriorities":[]}