{"name":"Assignment_DueDates","identifier":"PKK12OH3VN","description":"tells users when assignments are due","parentIntentSignature":null,"sampleUtterances":[{"utterance":"I want to know when assignments are due"},{"utterance":"assignment due dates"},{"utterance":"when are my assignments due"}],"intentConfirmationSetting":null,"intentClosingSetting":null,"inputContexts":null,"outputContexts":null,"kendraConfiguration":null,"dialogCodeHook":{"enabled":false},"fulfillmentCodeHook":{"fulfillmentUpdatesSpecification":null,"postFulfillmentStatusSpecification":null,"enabled":true},"slotPriorities":[{"priority":1,"slotName":"CourseID"}]}