{"name":"Course_Queries","identifier":"BHAHNKNLEN","description":"Answers queries users may have about the course","parentIntentSignature":null,"sampleUtterances":[{"utterance":"I want help with my coursework"},{"utterance":"coursework"}],"intentConfirmationSetting":null,"intentClosingSetting":null,"inputContexts":null,"outputContexts":null,"kendraConfiguration":null,"dialogCodeHook":null,"fulfillmentCodeHook":{"fulfillmentUpdatesSpecification":null,"postFulfillmentStatusSpecification":null,"enabled":true},"slotPriorities":[{"priority":2,"slotName":"Keywords"},{"priority":1,"slotName":"CourseID"}]}