{"name":"Name","identifier":"AXUSV432GK","description":"Name intent created by serverless bot.","parentIntentSignature":null,"sampleUtterances":[{"utterance":"what is your name"},{"utterance":"who are you"}],"intentConfirmationSetting":null,"intentClosingSetting":{"isActive":true,"closingResponse":{"allowInterrupt":true,"messageGroupsList":[{"message":{"imageResponseCard":null,"ssmlMessage":null,"customPayload":null,"plainTextMessage":{"value":"Hi! My name is Joe, how can I help you?"}},"variations":[{"imageResponseCard":null,"ssmlMessage":null,"customPayload":null,"plainTextMessage":{"value":"Hey I'm Joe, Whattup?!"}}]}]}},"inputContexts":null,"outputContexts":null,"kendraConfiguration":null,"dialogCodeHook":{"enabled":false},"fulfillmentCodeHook":{"fulfillmentUpdatesSpecification":null,"postFulfillmentStatusSpecification":null,"enabled":false},"slotPriorities":[]}