{"name":"Help","identifier":"ZRZ9SSV3DX","description":"Help intent created by serverless bot.","parentIntentSignature":null,"sampleUtterances":[{"utterance":"help"},{"utterance":"help me"},{"utterance":"what do you know"},{"utterance":"answer me something"}],"intentConfirmationSetting":null,"intentClosingSetting":{"isActive":true,"closingResponse":{"allowInterrupt":true,"messageGroupsList":[{"message":{"imageResponseCard":null,"ssmlMessage":null,"customPayload":null,"plainTextMessage":{"value":"Hello, how can I help you today?"}},"variations":[{"imageResponseCard":null,"ssmlMessage":null,"customPayload":null,"plainTextMessage":{"value":"Hello, do you need help with anything?"}},{"imageResponseCard":null,"ssmlMessage":null,"customPayload":null,"plainTextMessage":{"value":"Hello, is there anything I can help you with?"}}]}]}},"inputContexts":null,"outputContexts":null,"kendraConfiguration":null,"dialogCodeHook":{"enabled":false},"fulfillmentCodeHook":{"fulfillmentUpdatesSpecification":null,"postFulfillmentStatusSpecification":null,"enabled":false},"slotPriorities":[]}