{"name":"Assignment_Extension","identifier":"EKYD7YXOQ4","description":"Respond to Students that likely needed extensions or special considerations for an assignment","parentIntentSignature":null,"sampleUtterances":[{"utterance":"Extension"},{"utterance":"I want an extension"},{"utterance":"I need an extension"},{"utterance":"Request extension"},{"utterance":"Special Consideration"},{"utterance":"I need a Special Consideration"},{"utterance":"I need to get an extension"},{"utterance":"I want to get an extension"},{"utterance":"I need to get a special consideration"},{"utterance":"I want to get a special consideration"}],"intentConfirmationSetting":null,"intentClosingSetting":null,"inputContexts":null,"outputContexts":null,"kendraConfiguration":null,"dialogCodeHook":{"enabled":false},"fulfillmentCodeHook":{"fulfillmentUpdatesSpecification":null,"postFulfillmentStatusSpecification":null,"enabled":true},"slotPriorities":[{"priority":1,"slotName":"code"},{"priority":2,"slotName":"number"}]}