{"name":"Hello","identifier":"ZFJC8VGSDN","description":"Starts the bot","parentIntentSignature":null,"sampleUtterances":[{"utterance":"Hey Joe"},{"utterance":"Hello"}],"intentConfirmationSetting":null,"intentClosingSetting":{"isActive":true,"closingResponse":{"allowInterrupt":false,"messageGroupsList":[{"message":{"imageResponseCard":null,"ssmlMessage":null,"customPayload":null,"plainTextMessage":{"value":"Hello, how can I assist you today?"}},"variations":[{"imageResponseCard":null,"ssmlMessage":null,"customPayload":null,"plainTextMessage":{"value":"Hi there, how can I help you today?"}},{"imageResponseCard":null,"ssmlMessage":null,"customPayload":null,"plainTextMessage":{"value":"Hello, how can I help you?"}}]}]}},"inputContexts":null,"outputContexts":null,"kendraConfiguration":null,"dialogCodeHook":null,"fulfillmentCodeHook":null,"slotPriorities":[]}