{"name":"Activities","identifier":"MQCYTNNAV7","description":null,"parentIntentSignature":null,"sampleUtterances":[{"utterance":"what do I have on today"},{"utterance":"do I have anything today"},{"utterance":"schedule "},{"utterance":"timetable"},{"utterance":"do i have any pracs"},{"utterance":"do i have any tutes"},{"utterance":"do i have any lectures"}],"intentConfirmationSetting":null,"intentClosingSetting":null,"inputContexts":null,"outputContexts":null,"kendraConfiguration":null,"dialogCodeHook":null,"fulfillmentCodeHook":{"fulfillmentUpdatesSpecification":null,"postFulfillmentStatusSpecification":null,"enabled":true},"slotPriorities":[]}