{"name":"GetUnansweredQuestions","identifier":"FIRBEYNQOH","description":null,"parentIntentSignature":null,"sampleUtterances":[{"utterance":"I want to see unanswered questions"}],"intentConfirmationSetting":null,"intentClosingSetting":null,"inputContexts":null,"outputContexts":null,"kendraConfiguration":null,"dialogCodeHook":null,"fulfillmentCodeHook":{"fulfillmentUpdatesSpecification":null,"postFulfillmentStatusSpecification":null,"enabled":true},"slotPriorities":[{"priority":1,"slotName":"CourseID"}]}