{"name":"CourseMaterials","identifier":"UI2CELOAFE","description":null,"parentIntentSignature":null,"sampleUtterances":[{"utterance":"I want course materials"},{"utterance":"course materials"}],"intentConfirmationSetting":null,"intentClosingSetting":null,"inputContexts":null,"outputContexts":null,"kendraConfiguration":null,"dialogCodeHook":null,"fulfillmentCodeHook":{"fulfillmentUpdatesSpecification":null,"postFulfillmentStatusSpecification":null,"enabled":true},"slotPriorities":[{"priority":1,"slotName":"CourseID"}]}