{"name":"Assignment_Info","identifier":"MSBJOGAA64","description":"Get information about assignments","parentIntentSignature":null,"sampleUtterances":[{"utterance":"assignment info"}],"intentConfirmationSetting":{"isActive":false,"declinationResponse":{"allowInterrupt":true,"messageGroupsList":[{"message":{"imageResponseCard":null,"ssmlMessage":null,"customPayload":null,"plainTextMessage":{"value":"Understood."}},"variations":null}]},"promptSpecification":{"allowInterrupt":true,"messageGroupsList":[{"message":{"imageResponseCard":null,"ssmlMessage":null,"customPayload":null,"plainTextMessage":{"value":"Would you like more information about these assignments?"}},"variations":null}],"maxRetries":4}},"intentClosingSetting":null,"inputContexts":null,"outputContexts":null,"kendraConfiguration":null,"dialogCodeHook":null,"fulfillmentCodeHook":{"fulfillmentUpdatesSpecification":null,"postFulfillmentStatusSpecification":null,"enabled":true},"slotPriorities":[{"priority":1,"slotName":"CourseID"},{"priority":2,"slotName":"AssignmentNumber"}]}