{"name":"CourseCode","identifier":"5XOV7E1KYQ","description":"List of assignments","slotTypeValues":[{"sampleValue":{"value":"cosc1078"},"synonyms":[{"value":"COSC1078"},{"value":"Cosc1078"}]},{"sampleValue":{"value":"cosc1519"},"synonyms":[{"value":"COSC1519"},{"value":"Cosc1519"}]},{"sampleValue":{"value":"cosc2413"},"synonyms":[{"value":"COSC2413"},{"value":"Cosc2413"}]},{"sampleValue":{"value":"cosc2628"},"synonyms":[{"value":"COSC2628"},{"value":"Cosc2628"}]}],"parentSlotTypeSignature":null,"valueSelectionSetting":{"regexFilter":null,"resolutionStrategy":"TOP_RESOLUTION"}}